{
  "lora_aggregate": {
    "lpips": 0.31541650493939716,
    "ssim": 0.610934297243754,
    "mse": 0.17853904763857523
  },
  "base_aggregate": {
    "lpips": 0.595739483833313,
    "ssim": 0.4620930353800456,
    "mse": 0.2108435332775116
  },
  "improvement_pct": {
    "lpips": 42.14173521911117,
    "ssim": 42.6564175223623,
    "mse": 21.122710393415904
  },
  "n_samples": 3,
  "per_sample": [
    {
      "root": "D01_R01_0008",
      "lora": {
        "lpips": 0.3762757480144501,
        "ssim": 0.6255340576171875,
        "mse": 0.04192379117012024
      },
      "base": {
        "lpips": 0.41606390476226807,
        "ssim": 0.662335216999054,
        "mse": 0.06787434220314026
      },
      "lpips_improvement_pct": 9.562991716513423,
      "ssim_improvement_pct": -5.556273988963963,
      "mse_improvement_pct": 38.23322656351194
    },
    {
      "root": "D11_R01_0001",
      "lora": {
        "lpips": 0.2849868834018707,
        "ssim": 0.6036344170570374,
        "mse": 0.24684667587280273
      },
      "base": {
        "lpips": 0.6855772733688354,
        "ssim": 0.3619719445705414,
        "mse": 0.28232812881469727
      },
      "lpips_improvement_pct": 58.43110697041004,
      "ssim_improvement_pct": 66.76276327802543,
      "mse_improvement_pct": 12.567452308367887
    },
    {
      "root": "D11_R01_0002",
      "lora": {
        "lpips": 0.2849868834018707,
        "ssim": 0.6036344170570374,
        "mse": 0.24684667587280273
      },
      "base": {
        "lpips": 0.6855772733688354,
        "ssim": 0.3619719445705414,
        "mse": 0.28232812881469727
      },
      "lpips_improvement_pct": 58.43110697041004,
      "ssim_improvement_pct": 66.76276327802543,
      "mse_improvement_pct": 12.567452308367887
    }
  ]
}